Color Name,Color ID,RGB,LRV
Voile Pink,2000-70, #FCE2E6,78.91
Light Chiffon Pink,2000-60, #FFCDD8,67.78
Blush Tone,2000-50, #FDACBD,52.84
Strawberry Shortcake,2000-40, #F57F94,36.84
Red Tulip,2000-30, #E04C5B,20.17
Tricycle Red,2000-20, #D33A41,15.59
Red,2000-10, #C92E2E,12.4
Marshmallow Bunny,2001-70, #FEE2E7,79.35
Country Pink,2001-60, #FFCDD8,67.29
Full Bloom,2001-50, #FEACBD,53.58
Pink Popsicle,2001-40, #F57E92,36.9
Spring Tulips,2001-30, #E14B5A,20.2
Bonfire,2001-20, #D5393F,15.56
Ruby Red,2001-10, #CA2C2C,13.96
Pink Cadillac,2002-70, #FDE7E8,82.75
Sweet 16 Pink,2002-60, #FFD3D8,69.65
Tickled Pink,2002-50, #FFB3BD,56.37
Flamingo's Dream,2002-40, #F88791,39.19
Rose Quartz,2002-30, #E65458,23.25
Bull's Eye Red,2002-20, #D93E3C,16.64
Vermilion,2002-10, #CF312B,13.84
Pleasing Pink,2003-70, #FDE2E6,79.68
Exotic Pink,2003-60, #FECDD6,68.38
Coral Pink,2003-50, #F9ABBA,52.61
True Pink,2003-40, #ED7E8E,35.43
Berry Wine,2003-30, #D44C57,19.28
Strawberry Red,2003-20, #C33D3D,13.69
Million Dollar Red,2003-10, #B5332C,10.54
Romantic Pink,2004-70, #FCE3E7,81.24
Pink Parfait,2004-60, #FCCCD6,67.11
Baby Girl,2004-50, #F5ACBC,52.23
Pink Starburst,2004-40, #E47F90,33.89
Raspberry Pudding,2004-30, #CA4F5A,17.78
Chili Pepper,2004-20, #B14040,11.51
Deep Rose,2004-10, #A0372F,9.38
Wispy Pink,2005-70, #F7E4E4,79.93
Pink Pearl,2005-60, #F0CDD1,66.22
Pink Eraser,2005-50, #E1ADB3,48.97
Genuine Pink,2005-40, #C78086,29.56
Bricktone Red,2005-30, #9C5251,12.67
Hot Apple Spice,2005-20, #8A453E,8.26
Red Rock,2005-10, #7C3E32,6.33
Pink Fairy,2006-70, #FAE0E0,79.7
Authentic Pink,2006-60, #F6C8CA,65.04
Pink Punch,2006-50, #EAA6A9,47.05
Glamour Pink,2006-40, #D37878,29.77
Rosy Apple,2006-30, #B14C45,14.66
Sangria,2006-20, #A54337,11.37
Merlot Red,2006-10, #9D3D2D,9.8
Angel Pink,2007-70, #FCE1E3,78.84
Pastel Pink,2007-60, #FACBD0,66.91
Supple Pink,2007-50, #F2AAB3,51.13
Coral Essence,2007-40, #DE7C83,33.38
Rhubarb,2007-30, #BE4E4E,15.71
Shy Cherry,2007-20, #AE4138,11.89
Smoldering Red,2007-10, #A33A2D,9.87
Touch of Pink,2008-70, #FDE8E6,82.65
Little Piggy,2008-60, #FED6D5,72.42
Delicate Rose,2008-50, #FBB9B9,57.67
Hydrangea Flowers,2008-40, #F0908D,39.91
Raspberry Blush,2008-30, #D75F56,21.12
Claret Rose,2008-20, #C94F43,17.72
Ravishing Red,2008-10, #BD4638,13.72
Powder Pink,2009-70, #FDE7E4,82.81
Pink Sea Shell,2009-60, #FFD4D3,72.31
Fashion Pink,2009-50, #FFB6B6,57.59
Pink Peach,2009-40, #F88A87,39.63
Dark Salmon,2009-30, #E75A50,23.45
Salsa,2009-20, #DC4739,17.34
Redstone,2009-10, #D33B2B,14.61
Frosty Pink,2010-70, #FDE9E3,84.4
Rose Petal,2010-60, #FFD7D1,73.66
Dawn Pink,2010-50, #FFB9B3,58.06
Coral Gables,2010-40, #F98F83,40.36
Starburst Orange,2010-30, #E95F4D,24.54
Warm Comfort,2010-20, #DF4C37,18.53
Tomato Red,2010-10, #D7402B,15.6
Light Quartz,2011-70, #FDEAE6,82.31
Springy Peach,2011-60, #FFD9D4,75.59
Mixed Fruit,2011-50, #FFBEB8,60.82
Old World,2011-40, #FD988E,44.94
Hot Spice,2011-30, #F06450,26.03
Blazing Orange,2011-20, #E7513B,20.25
Orange,2011-10, #E0412B,16.03
Soft Pink,2012-70, #FDEBE5,84.96
Creamy Peach,2012-60, #FFDBD4,75.9
Perky Peach,2012-50, #FFC0B7,62.03
Summer Sun Pink,2012-40, #FE9989,44.33
Tangerine Dream,2012-30, #F16750,26.98
Flame,2012-20, #E75136,20.05
Tawny Day Lily,2012-10, #E04227,16.91
Bridal Pink,2013-70, #FDEDE5,87.61
Pink Harmony,2013-60, #FFDED3,77.84
Salmon Peach,2013-50, #FFC5B5,63.76
Dusk Pink,2013-40, #FF9E84,47.07
Jeweled Peach,2013-30, #F46F4B,28.72
Orange Nectar,2013-20, #EA5933,21.72
Outrageous Orange,2013-10, #E34C28,18.74
Ecru,2014-70, #FDEFE2,85.5
Whispering Peach,2014-60, #FFE1CF,78.6
Springtime Peach,2014-50, #FFCAB0,66.02
Peachy Keen,2014-40, #FFA67E,49.24
Tangy Orange,2014-30, #F77946,31.86
Rumba Orange,2014-20, #EF6530,24.73
Festive Orange,2014-10, #E95823,20.63
Apricot Ice,2015-70, #FCF2E1,86.82
Gerbera Daisy,2015-60, #FFE7CB,80.78
Funky Fruit,2015-50, #FFD4AA,69.72
Peach Sorbet,2015-40, #FFB577,54.04
Calypso Orange,2015-30, #FB8B3C,35.69
Orange Burst,2015-20, #F57C28,30.51
Electric Orange,2015-10, #F0701A,27.61
Cancun Sand,2016-70, #FCF3DE,88.69
Creamy Beige,2016-60, #FFEAC9,82.32
Melon Popsicle,2016-50, #FFD8A6,71.02
Marmalade,2016-40, #FFBA71,56.37
Carrot Stick,2016-30, #FC9537,40.63
Citrus Orange,2016-20, #F78523,33.63
Startling Orange,2016-10, #F47C1B,31.29
White Vanilla,2017-70, #FCF4DE,89.59
Pale Daffodil,2017-60, #FFECC7,83.17
Yellow Haze,2017-50, #FFDDA6,75.14
Sweet Orange,2017-40, #FFC36F,59.58
Tangelo,2017-30, #FFA134,44.75
Sharp Cheddar,2017-20, #FC931E,38.22
Orange Juice,2017-10, #F98A0C,36.63
Milkyway,2018-70, #FBF6DD,88.39
Lighthouse,2018-60, #FEF0C6,83.95
Morning Sunshine,2018-50, #FFE4A1,77.58
Nacho Cheese,2018-40, #FFCF6B,65.91
Citrus Blast,2018-30, #FFB229,51.92
Mandarin Orange,2018-20, #FFA706,45.77
Orange Sky,2018-10, #FF9F00,44.0
Lightning White,2019-70, #FBF6DB,87.95
Lemon Sorbet,2019-60, #FEF2C3,85.26
Lemon Drops,2019-50, #FFE89F,78.75
American Cheese,2019-40, #FFD766,68.65
Sunflower,2019-30, #FFC21B,58.0
Golden Nugget,2019-20, #FFB700,50.34
Mardi Gras Gold,2019-10, #FFAF00,47.87
Yellow Freeze,2020-70, #FBF7DD,88.29
Moonlight,2020-60, #FFF3C4,84.98
Mellow Yellow,2020-50, #FFE99F,78.17
Yellow Rain Coat,2020-40, #FFD867,69.63
Sparkling Sun,2020-30, #FFC31E,58.47
Lemon Shine,2020-20, #FFB600,52.81
Bumble Bee Yellow,2020-10, #FFB000,49.11
Pale Straw,2021-70, #FBF7DB,88.38
Provence Crème,2021-60, #FEF4C3,86.9
Yellow Lotus,2021-50, #FFEC9E,81.05
Yellow Highlighter,2021-40, #FFDE64,71.3
Sunshine,2021-30, #FFCE0B,61.56
Lemon,2021-20, #FFC400,55.15
Yellow Flash,2021-10, #FFBD00,53.52
Crème Brulee,2022-70, #FAF7DC,89.27
Light Yellow,2022-60, #FDF5C4,85.74
Sundance,2022-50, #FFF19F,81.91
Banana Yellow,2022-40, #FFE765,76.18
Bright Yellow,2022-30, #FFDB00,65.77
Sun Kissed Yellow,2022-20, #FFD600,61.67
Yellow,2022-10, #FFD400,61.46
Crème Fraiche,2023-70, #FBF8DD,89.19
Butter,2023-60, #FCF5C4,86.79
Lemon Meringue,2023-50, #FEF0A1,82.65
Sunburst,2023-40, #FAE466,74.32
Sun Porch,2023-30, #F8D60A,64.19
Baby Chick,2023-20, #F0CD00,55.2
Yolk,2023-10, #ECC900,53.9
Lemon Ice,2024-70, #FAF8E0,89.82
Lemonade,2024-60, #FAF4C8,86.77
Jasper Yellow,2024-50, #F6ECA9,80.63
Yellow Finch,2024-40, #ECDC71,68.62
Citron,2024-30, #D7C52E,52.02
Eve Green,2024-20, #CCBB0E,44.28
Chartreuse,2024-10, #C1B400,40.94
Barely Yellow,2025-70, #F7F8DB,89.92
Lemon Glow,2025-60, #F7F6C3,87.35
Lemon Freeze,2025-50, #F0F09F,80.65
Limelight,2025-40, #E1E465,68.45
New Lime,2025-30, #D2D612,60.94
Yew Green,2025-20, #C3CF00,52.38
Bright Lime,2025-10, #B4CA00,49.1
Eggshell,2026-70, #F7F8DC,88.9
Summer Lime,2026-60, #F3F5C5,86.08
Fresh Cut Grass,2026-50, #E7EFA0,77.61
Apple Green,2026-40, #D2E169,65.94
Snow Cone Green,2026-30, #BDD120,53.19
Margarita,2026-20, #A4C700,46.21
Lime Green,2026-10, #97C100,44.46
Aspen White,2027-70, #F5F6DB,89.08
Light Daffodil,2027-60, #F2F2C3,83.69
Hibiscus,2027-50, #E8E99F,76.42
Grape Green,2027-40, #D5D869,61.08
Eccentric Lime,2027-30, #BFC428,47.27
Spring Moss,2027-20, #ABB915,40.75
Dark Lime,2027-10, #99B009,36.43
Seahorse,2028-70, #F4F6DD,89.05
Celadon Green,2028-60, #EDF1C7,82.21
Wales Green,2028-50, #DDE5A3,71.67
Pear Green,2028-40, #C3D16F,57.47
Tequila Lime,2028-30, #A6BA32,41.22
Douglas Fir,2028-20, #88AA27,31.07
Iguana Green,2028-10, #79A21E,29.31
Frosty Lime,2029-70, #F0F5DE,87.6
Pale Vista,2029-60, #E4EEC8,79.87
Potpourri Green,2029-50, #CDDFA7,65.98
Stem Green,2029-40, #ACC774,50.9
Rosemary Green,2029-30, #7BA640,30.39
Baby Fern,2029-20, #669A30,24.01
Basil Green,2029-10, #569128,21.4
Iced Mint,2030-70, #ECF7E0,89.0
Celery Ice,2030-60, #DBF3CB,81.47
Shimmering Lime,2030-50, #BFE8AA,69.66
Spring Leaf,2030-40, #97D477,54.77
Lucky Charm Green,2030-30, #61B83E,35.91
Tropical Seaweed Green,2030-20, #48AB2C,28.01
Lizard Green,2030-10, #33A122,24.44
Lime Froth,2031-70, #EFF8DF,89.51
Neon Celery,2031-60, #E1F3C9,82.26
Key Lime,2031-50, #CBEAA7,72.19
Spring Meadow Green,2031-40, #A7D873,58.53
Sweet Pea,2031-30, #78BF38,40.66
Paradise Green,2031-20, #62B424,32.63
Neon Lime,2031-10, #50AB18,28.23
Lime Sorbet,2032-70, #E7F6E1,86.87
Citra Lime,2032-60, #D5F2CE,80.88
Early Spring Green,2032-50, #B6E6AF,69.27
Citrus Green,2032-40, #88D17E,52.24
Fresh Lime,2032-30, #4EB245,33.31
Traffic Light Green,2032-20, #32A431,24.84
Neon Green,2032-10, #169928,21.47
Sweet Honeydew Melon,2033-70, #E3F6E5,86.92
Mantis Green,2033-60, #CBF0D2,79.52
Bud Green,2033-50, #A6E3B5,65.41
Lime Tart,2033-40, #72CC88,48.83
Fresh Scent Green,2033-30, #31AA50,28.98
Peppermint Leaf,2033-20, #00983C,20.38
Yellow Green,2033-10, #008A31,17.0
Daiquiri Ice,2034-70, #E5F1E2,83.95
Light Pistachio,2034-60, #CFE6CE,73.96
Acadia Green,2034-50, #AED2B0,57.41
Cedar Green,2034-40, #7FB37F,39.21
Grassy Fields,2034-30, #448C4E,20.45
Vine Green,2034-20, #2F7D3F,14.81
Clover Green,2034-10, #207337,12.3
Italian Ice Green,2035-70, #E1F0E4,81.91
Leisure Green,2035-60, #C8E3D2,71.11
Spruce Green,2035-50, #A3CDB5,53.92
Stokes Forest Green,2035-40, #71AD87,35.77
Nile Green,2035-30, #348354,17.28
Cactus Green,2035-20, #227442,12.48
Seaweed,2035-10, #136938,9.94
Crème de Mint,2036-70, #E2F5E9,87.29
Surf Green,2036-60, #C9ECDA,77.77
Marina Bay,2036-50, #A4DCC1,62.73
Meadowlands Green,2036-40, #75C099,43.15
Green with Envy,2036-30, #429565,22.94
Irish Moss,2036-20, #347E50,15.15
Cat's Eye,2036-10, #2F6F46,11.42
Fresh Mint,2037-70, #DCF6E9,86.03
Santa Barbara Green,2037-60, #C0EFDB,77.62
Greenwood Lake,2037-50, #94E1C2,63.85
Adam Green,2037-40, #53C799,46.16
Kelly Green,2037-30, #00A162,25.39
Jade Green,2037-20, #00874A,16.32
Amazon Moss,2037-10, #00703A,10.54
Irish Spring,2038-70, #DCF6EB,86.62
Tropical Pool,2038-60, #BFEDDE,76.98
Return to Paradise,2038-50, #95DDC7,63.22
Monmouth Green,2038-40, #5BC2A2,43.71
Prairie Green,2038-30, #0A976D,23.06
Irish Clover,2038-20, #007C56,13.94
Celtic Green,2038-10, #0C6546,9.34
Refreshing Teal,2039-70, #D8F6EC,84.95
Seafoam Green,2039-60, #B8EEE0,76.06
Mermaid Green,2039-50, #85DFCB,62.19
Teal Blast,2039-40, #35C6A8,45.77
Cabana Green,2039-30, #009E75,24.84
Emerald Isle,2039-20, #008158,14.29
Deep Green,2039-10, #006242,8.05
Spring Mint,2040-70, #D9EDE7,81.29
Antiguan Sky,2040-60, #BFE0D7,69.37
Hazy Blue,2040-50, #92C6BB,49.94
Summer Basket Green,2040-40, #5CA492,31.92
Very Green,2040-30, #17775C,13.92
Green Meadows,2040-20, #0A6548,9.54
Rainforest Foliage,2040-10, #105A3C,7.35
Irish Mint,2041-70, #DEF4ED,85.27
Soft Mint,2041-60, #C2E8E0,76.23
Sea Mist Green,2041-50, #9AD5CB,58.69
Juneau Spring,2041-40, #65B4A5,39.28
Green Gables,2041-30, #34816F,17.57
Fiddlehead Green,2041-20, #296253,8.95
Hunter Green,2041-10, #2A453D,4.31
Minty Green,2042-70, #D8F5EC,84.88
Florida Aqua,2042-60, #B8EEE1,76.17
Caribe Green,2042-50, #86DECD,62.21
Miami Green,2042-40, #3DC6AB,45.37
Hummingbird Green,2042-30, #009D7B,24.52
Reef Green,2042-20, #007E5D,14.45
True Green,2042-10, #006047,7.51
Frosty Mint,2043-70, #D7F4EC,84.71
Summer Green,2043-60, #B8EBE1,75.89
South Beach,2043-50, #89DCCD,61.1
Egyptian Green,2043-40, #45C1AC,43.71
Kelp Forest Green,2043-30, #00967A,23.17
Ming Jade,2043-20, #00745D,12.36
Absolute Green,2043-10, #055143,5.33
Light Touch,2044-70, #D3F4EB,84.07
Crystal Clear,2044-60, #B3EDE1,75.08
Bermuda Teal,2044-50, #7EDECD,60.92
Amelia Island Blue,2044-40, #25C7AF,45.97
St. Patrick,2044-30, #009F7E,25.37
Leprechaun,2044-20, #008363,15.14
Green,2044-10, #006149,7.87
Soft Green,2045-70, #D4F4ED,83.43
Winter Green,2045-60, #B3EDE2,75.54
Green Coral,2045-50, #7FDDCF,60.77
Bahama Green,2045-40, #24C5AE,44.24
Green Leaf,2045-30, #009C7D,24.55
Lawn Green,2045-20, #007C61,13.59
Green Bay,2045-10, #005949,6.51
Light Mint,2046-70, #D5F4ED,83.56
Misty Teal,2046-60, #B4ECE3,74.8
Scuba Green,2046-50, #81DDD0,61.57
Green Sponge,2046-40, #22C3AF,43.63
Cayman Lagoon,2046-30, #009A7F,23.95
Garden Green,2046-20, #007A63,13.12
Calypso Green,2046-10, #005A48,6.95
Baby Green,2047-70, #D8F3EC,84.47
Ocean Spray,2047-60, #BAEAE2,75.42
Shore House Green,2047-50, #8BD8CD,60.41
Capri Seas,2047-40, #4BBCAB,41.46
Rolling Hill Green,2047-30, #00907A,21.25
Manor Green,2047-20, #006B5B,10.12
Forest Green,2047-10, #174A43,5.57
Barely Teal,2048-70, #D3F1EE,82.74
Jamaican Aqua,2048-60, #B3E8E6,72.46
Tropicana Cabana,2048-50, #7ED5D4,57.5
Poolside Blue,2048-40, #1FB9B4,39.02
Aruba Blue,2048-30, #008B84,19.47
Juniper,2048-20, #006D66,10.84
Sherwood Forest,2048-10, #004E4A,5.4
Icing on the Cake,2049-70, #DCF0ED,82.87
Forget Me Not,2049-60, #C0E3E3,71.89
Spectra Blue,2049-50, #98CED0,56.41
Peacock Blue,2049-40, #61ACAE,35.77
Teal Ocean,2049-30, #29777B,15.76
Oasis Blue,2049-20, #225A5D,7.22
Pacific Sea Teal,2049-10, #274043,3.94
Blue Bonnet,2050-70, #DDF0EC,83.72
Arctic Blue,2050-60, #C4E3E1,72.19
Waterfall,2050-50, #9DCDCB,55.75
Florida Keys Blue,2050-40, #6DA9A7,34.59
Newport Green,2050-30, #3E7371,15.46
Dollar Bill Green,2050-20, #325654,6.67
Salamander,2050-10, #2F3E3E,3.66
Crystal Blue,2051-70, #D8EBE9,80.6
Bird's Egg,2051-60, #BEDCDD,68.14
Tranquil Blue,2051-50, #94C2C5,49.15
Majestic Blue,2051-40, #629FA0,30.6
Casco Bay,2051-30, #306E6D,13.79
Pine Green,2051-20, #2D5D5A,8.29
Yukon Green,2051-10, #2F534F,6.6
Ice Blue,2052-70, #D5EBEA,80.21
China Blue,2052-60, #B3DBDE,65.91
Pool Blue,2052-50, #85C1C8,49.01
Blue Spa,2052-40, #499EA1,28.55
Tropical Turquoise,2052-30, #00706C,12.97
Marine Aqua,2052-20, #0A5A52,7.66
Ocean Tropic,2052-10, #1C4E42,5.57
Morning Sky Blue,2053-70, #D6EAEC,79.61
Tear Drop Blue,2053-60, #B8DAE0,66.72
Passion Blue,2053-50, #8DC1CA,48.42
Blue Lake,2053-40, #569CA5,29.44
North Sea Green,2053-30, #236D73,13.23
Dark Teal,2053-20, #255A5E,8.36
Mallard Green,2053-10, #294E4F,5.89
Clear Skies,2054-70, #D2EAEC,78.54
Old Pickup Blue,2054-60, #B0DAE3,65.87
Seaside Blue,2054-50, #80C0CF,47.65
Blue Lagoon,2054-40, #409CAC,28.98
Venezuelan Sea,2054-30, #006B76,12.41
Beau Green,2054-20, #0A565A,6.79
Bavarian Forest,2054-10, #1D4543,4.68
Innocence,2055-70, #D1EFF1,80.8
Serenity,2055-60, #AEE1EA,69.27
Fairy Tale Blue,2055-50, #78CBDA,52.74
Bahaman Sea Blue,2055-40, #12ABBE,35.1
Caribbean Blue Water,2055-30, #007B8E,16.44
Pacific Ocean Blue,2055-20, #005F6F,8.65
Teal,2055-10, #144552,4.42
Icy Moon Drops,2056-70, #D3F0F0,81.33
Blue Seafoam,2056-60, #AFE3E9,70.49
Baby Boy Blue,2056-50, #7ACFD9,54.93
Cool Aqua,2056-40, #18AFBB,36.09
Surf Blue,2056-30, #00808B,16.62
Jade Garden,2056-20, #00636C,9.24
Tucson Teal,2056-10, #0B464E,4.57
Icy Blue,2057-70, #D5EBEE,80.3
Blue Flower,2057-60, #B5DAE4,65.26
Turquoise Powder,2057-50, #87C0D1,48.09
Ash Blue,2057-40, #4D9CAE,29.07
Naples Blue,2057-30, #136B7B,12.9
Galápagos Turquoise,2057-20, #1F5763,7.56
River Blue,2057-10, #254952,5.27
Blue Angel,2058-70, #D2EAF0,78.46
Ocean Breeze,2058-60, #B0D9E8,64.45
Aquarium Blue,2058-50, #80BFD7,48.37
Cool Blue,2058-40, #419AB7,28.65
Deep Ocean,2058-30, #006985,12.59
Slate Teal,2058-20, #18546A,7.1
Twilight,2058-10, #254455,4.85
Fountain Spout,2059-70, #CFECF2,79.34
Splash,2059-60, #AADCEE,67.17
Pool Party,2059-50, #76C4E2,50.5
Yosemite Blue,2059-40, #17A1C8,31.73
Laguna Blue,2059-30, #00719C,14.98
Caribbean Azure,2059-20, #00567C,8.04
Marine Blue,2059-10, #1D3E59,4.05
Tear Drop,2060-70, #CEEBF3,78.5
Turquoise Haze,2060-60, #A9DBEF,65.34
Cayman Blue,2060-50, #73C1E4,49.09
Toronto Blue,2060-40, #199FCC,31.11
Seaport Blue,2060-30, #006EA1,14.58
California Blue,2060-20, #005381,7.83
Symphony Blue,2060-10, #203B5D,4.09
Caribbean Mist,2061-70, #CDE7F1,77.05
Little Boy Blue,2061-60, #ACD5E9,62.64
Tidal Wave,2061-50, #7CB7D6,44.14
Electric Blue,2061-40, #3E90B8,26.62
Bermuda Blue,2061-30, #185D82,10.6
Champion Cobalt,2061-20, #264864,5.79
Deep Royal,2061-10, #2F394B,3.41
Harbor Fog,2062-70, #D3E7ED,76.46
Blue Hydrangea,2062-60, #B3D3E1,62.41
Blue Jean,2062-50, #87B5CB,43.42
Blue Daisy,2062-40, #548DA7,24.4
Blue Danube,2062-30, #2D5970,9.3
Gentleman's Gray,2062-20, #304656,5.37
Polo Blue,2062-10, #323A43,3.61
Cumulus Cotton,2063-70, #D3E8F1,78.74
Sapphireberry,2063-60, #B1D6EA,65.13
Blue Marguerite,2063-50, #84BBDC,46.88
Sailor's Sea Blue,2063-40, #4A93BE,27.91
Blueberry,2063-30, #1A5E89,11.1
Downpour Blue,2063-20, #254669,5.5
Old Navy,2063-10, #2E3549,3.11
Billowy Down,2064-70, #CCE8F3,77.48
Bluebelle,2064-60, #A8D5EF,63.02
Costa Rica Blue,2064-50, #74BAE3,46.5
Clearest Ocean Blue,2064-40, #3195CA,29.09
Ol' Blue Eyes,2064-30, #0062A0,12.63
Patriot Blue,2064-20, #184A7C,6.45
Bold Blue,2064-10, #2B3558,3.6
Bashful Blue,2065-70, #C8E6F3,76.2
Caribbean Coast,2065-60, #A3D4F0,62.7
Blue Wave,2065-50, #6EB8E5,46.1
Utah Sky,2065-40, #1C94D0,28.45
Brilliant Blue,2065-30, #0063A6,13.15
Dark Royal Blue,2065-20, #144B86,7.34
Admiral Blue,2065-10, #2B3762,3.85
Light Blue,2066-70, #CAE8F3,77.7
Honolulu Blue,2066-60, #A3D6F2,62.8
True Blue,2066-50, #6CBAEA,46.25
Rocky Mountain Sky,2066-40, #0F97D8,30.45
Big Country Blue,2066-30, #0066B1,14.18
Evening Blue,2066-20, #004E93,7.65
Blue,2066-10, #233872,4.23
White Satin,2067-70, #D7E5F2,78.04
Windmill Wings,2067-60, #BCD2ED,63.51
Summer Blue,2067-50, #92B3E0,45.41
Blue Lapis,2067-40, #6289C6,26.29
Twilight Blue,2067-30, #365496,10.19
Starry Night Blue,2067-20, #334076,5.52
Midnight Navy,2067-10, #333356,3.37
White Heaven,2068-70, #E2E5F1,78.45
Purple Lace,2068-60, #CBCFEA,63.15
Victorian Trim,2068-50, #AAB0DB,45.71
California Lilac,2068-40, #7F84BE,26.52
Scandinavian Blue,2068-30, #4E4E8C,9.64
Grape Gum,2068-20, #413D6D,5.21
Majestic Violet,2068-10, #3A3450,3.35
Polar White,2069-70, #E8E8EF,81.21
Lavender Ice,2069-60, #D6D5E5,67.73
Blue Orchid,2069-50, #B8B9D2,50.32
Violet Stone,2069-40, #8E8FB0,28.54
Darkest Grape,2069-30, #5C5A7C,11.29
Blackberry Wine,2069-20, #48445E,5.71
Deep Mulberry,2069-10, #3C3845,3.3
Whisper Violet,2070-70, #E5E5ED,78.25
Lavender Mist,2070-60, #CFCFE0,64.14
Enchanted,2070-50, #AFAFCB,44.81
Spring Purple,2070-40, #8782A6,24.52
Dark Lilac,2070-30, #544D6D,8.55
Plum Royale,2070-20, #453C50,4.25
Tulsa Twilight,2070-10, #3B3339,2.97
Misty Lilac,2071-70, #EAE3F0,79.45
Lily Lavender,2071-60, #DBCEE8,65.23
Amethyst Cream,2071-50, #BFADD7,46.8
Crocus Petal Purple,2071-40, #9A80B9,26.87
Mystical Grape,2071-30, #664B86,10.05
Gentle Violet,2071-20, #523C68,5.37
Exotic Purple,2071-10, #43334D,3.38
Raspberry Ice,2072-70, #EBE3EA,77.82
Beach Plum,2072-60, #D9CCDB,63.53
Lavender Lipstick,2072-50, #BDABC2,44.17
Wild Orchid,2072-40, #957E99,23.99
Purple Lotus,2072-30, #604B62,8.35
Black Raspberry,2072-20, #4D3D4B,4.71
Dark Basalt,2072-10, #40363C,3.13
Purple Cream,2073-70, #F0E3EC,78.86
Pale Iris,2073-60, #E3CCE0,64.44
Purple Easter Egg,2073-50, #CCACCA,46.44
Purple Hyacinth,2073-40, #AA7FA5,27.13
Passion Plum,2073-30, #764B6E,10.02
Autumn Purple,2073-20, #5D3D54,5.39
Dark Purple,2073-10, #4B3540,3.6
Easter Bonnet,2074-70, #F5E3EF,80.3
Bunny Nose Pink,2074-60, #EDCDE6,67.84
Exotic Fuchsia,2074-50, #DCACD3,50.23
Lilac Pink,2074-40, #C280B4,30.68
Twilight Magenta,2074-30, #9B4A80,13.58
Summer Plum,2074-20, #7B3C63,7.57
Grape Juice,2074-10, #62334A,4.65
Charming Pink,2075-70, #F6E3EF,80.87
Passion Pink,2075-60, #EDCCE4,66.56
Pink Taffy,2075-50, #DFAAD1,48.83
Pink Raspberry,2075-40, #C67DAF,30.11
Pre-Dawn Sky,2075-30, #9F487D,13.71
Mulberry,2075-20, #7F3B5F,7.45
Dark Burgundy,2075-10, #663347,4.7
Nursery Pink,2076-70, #F7E2ED,80.67
Dog's Ear,2076-60, #F3CAE3,66.91
Easter Pink,2076-50, #E8A9D0,50.25
Raspberry Mousse,2076-40, #D67CB0,32.81
Crushed Berries,2076-30, #B4447B,14.99
Royal Flush,2076-20, #A0365F,9.98
Crushed Velvet,2076-10, #8D2D48,6.97
I Love You Pink,2077-70, #F8E2EE,79.7
Valentine's Day,2077-60, #F4CBE5,66.71
Pretty Pink,2077-50, #EBA8D3,50.35
Spring Azalea,2077-40, #DB7BB4,33.59
Hot Lips,2077-30, #BC427F,15.84
Gypsy Pink,2077-20, #AB3162,10.59
Magenta,2077-10, #9C284B,8.03
Pink Peony,2078-70, #F8E5EC,81.75
Newborn Pink,2078-60, #F5D0E1,69.73
Pink Begonia,2078-50, #ECB0CA,52.78
Paradise Pink,2078-40, #DC85A6,35.04
Royal Fuchsia,2078-30, #BD5070,17.79
Raspberry Glaze,2078-20, #AC3D58,11.64
Roseate,2078-10, #9D3448,9.04
Candy Stripe,2079-70, #FAE2EC,78.61
Pink Cherub,2079-60, #F8CDE1,67.58
Rhododendron,2079-50, #F2ABCB,50.84
Springtime Bloom,2079-40, #E47DA7,32.69
Peony,2079-30, #C84470,17.11
Blushing Red,2079-20, #B83153,12.11
Candy Cane Red,2079-10, #AA253C,9.36
Aztec Lily,2080-70, #F8E1E7,79.46
Posy Pink,2080-60, #F3C9D7,65.26
Bayberry,2080-50, #E6A7BC,48.54
Wild Pink,2080-40, #D07991,28.75
Cherry Wine,2080-30, #AD485B,13.96
Patriot Red,2080-20, #9E3B45,9.78
Raspberry Truffle,2080-10, #923538,8.03
Flush Pink,2081-70, #F8E7EA,81.74
Pink Lace,2081-60, #F5D4DC,71.27
Pink Ruffle,2081-50, #EDB6C3,54.31
Pink Blossom,2081-40, #DC8C9B,36.51
Vibrant Blush,2081-30, #BE5A67,18.55
Sultan's Palace,2081-20, #AE4853,13.26
Burnt Peanut Red,2081-10, #A14048,10.53
Ballerina Pink,2082-70, #F3E2E6,79.87
Pink Innocence,2082-60, #E9CCD4,65.91
Damask Rose,2082-50, #D6ACB8,47.69
Rosewood,2082-40, #B77F8C,27.95
Cherokee Brick,2082-30, #8C5059,11.5
Plum Raisin,2082-20, #7C4547,8.09
Chestnut,2082-10, #703E3C,6.89
Baby Dreams,2083-70, #F5E3EA,80.21
Sweet Naivete,2083-60, #ECCBDA,65.87
Pink Pansy,2083-50, #DCAAC1,47.12
Begonia,2083-40, #C27E9A,28.66
Old Claret,2083-30, #974C64,12.49
Cranberry Cocktail,2083-20, #833F4D,7.92
Raisin Torte,2083-10, #73383F,5.96
Gentle Blush,2084-70, #FAE4E8,81.12
Early Sunrise,2084-60, #F6CFD9,69.39
Rosy Glow,2084-50, #EAAEBE,51.82
Precious Pink,2084-40, #D48295,31.66
Rouge,2084-30, #B2525D,15.93
Maple Leaf Red,2084-20, #914443,8.86
Brick Red,2084-10, #793B31,6.52
Baby Pink,2085-70, #F8E3E8,80.5
Pink Petals,2085-60, #EFCDD9,66.27
Strawberry,2085-50, #E4ACC0,50.05
Taste of Berry,2085-40, #CB7E95,29.26
Gypsy Love,2085-30, #A64E5D,13.83
Pottery Red,2085-20, #853F44,7.93
Arroyo Red,2085-10, #6E3731,5.33
50's Pink,2086-70, #FBE3EA,79.9
Sweet Taffy,2086-60, #FACDDD,67.85
Blushing Bride,2086-50, #F5ABC5,50.13
Deep Carnation,2086-40, #E97B9D,33.53
Rosy Blush,2086-30, #CF4566,17.83
Rose Parade,2086-20, #C0324A,13.1
Exotic Red,2086-10, #B32735,9.93
Elephant Pink,2087-70, #FAE7E9,83.39
Ribbon Pink,2087-60, #FAD4DB,72.22
Strawberry Sorbet,2087-50, #F6B6C3,56.07
Autumn Red,2087-40, #EB8A99,37.92
Italiano Rose,2087-30, #D35361,20.09
Watermelon Red,2087-20, #C53D46,14.82
Neon Red,2087-10, #B82D33,10.63
Fond Memory,2088-70, #F6D9D4,73.94
Fruit Shake,2088-60, #ECBDB7,57.39
Cool Lava,2088-50, #D99992,39.14
Persimmon,2088-40, #BD6D64,22.79
Strawberry Field,2088-30, #9F4B3D,11.82
Country Lane,2088-20, #9A4637,10.36
Red Oxide,2088-10, #964333,9.6
Frosted Petal,2089-70, #F9ECE7,85.13
Peach Kiss,2089-60, #F6DBD6,73.91
Salmon Berry,2089-50, #EEC0BA,58.96
Tomato Cream Sauce,2089-40, #DF9B91,39.77
Pink Mix,2089-30, #C26C60,22.03
Rosy Peach,2089-20, #B55E4F,17.61
Iron Ore Red,2089-10, #A95445,14.64
Spring Pink,2090-70, #F7DAD5,74.67
Strawberry Freeze,2090-60, #EDC0B9,59.82
Tender Pink,2090-50, #DA9B94,40.96
Wild Flower,2090-40, #BF7065,23.23
Terra Cotta Tile,2090-30, #A14C3E,12.71
Rich Chestnut,2090-20, #9B4837,10.7
Grand Canyon Red,2090-10, #974434,9.75
April Pink,2091-70, #F3DAD5,74.96
Heather Pink,2091-60, #E7BFBA,58.12
Rosy Tan,2091-50, #D19A95,39.21
Red River Clay,2091-40, #B36F67,21.86
Deep Poinsettia,2091-30, #974C3E,11.94
Rustic Brick,2091-20, #8E4738,9.21
Tea,2091-10, #894334,8.56
Fairest Pink,2092-70, #F0DBD7,75.41
Georgia Pink,2092-60, #E3C1BD,58.48
Titanic Rose,2092-50, #CB9E99,39.71
Texas Rose,2092-40, #A97169,20.81
Boston Brick,2092-30, #864B40,9.91
Sienna,2092-20, #804638,8.25
Clydesdale Brown,2092-10, #7B4233,7.37
Pink Bliss,2093-70, #F5EAE7,84.16
Playful Pink,2093-60, #F2DAD7,73.12
Camellia Pink,2093-50, #E5BEBB,57.0
Belladonna Lily,2093-40, #CE958E,36.68
Colonial Brick,2093-30, #AE6557,18.32
Fresh Clay,2093-20, #8B5042,11.21
Cimarron,2093-10, #754331,7.18
Mellow Pink,2094-70, #F6E8E2,82.17
Pleasant Pink,2094-60, #EED4CE,69.89
Desert Rose,2094-50, #DDB6AE,52.24
Soft Cranberry,2094-40, #C18C80,30.68
Giant Sequoia,2094-30, #975C4B,14.15
Copper Mine,2094-20, #864D3B,9.12
Burnt Cinnamon,2094-10, #7B4532,7.2
Melted Ice Cream,2095-70, #EEE2DB,77.64
Southern Comfort,2095-60, #DFCBC2,61.42
Just Beige,2095-50, #C6AAA0,42.86
Mudslide,2095-40, #A48073,24.18
Butternut Brown,2095-30, #7E5849,11.6
Antler Brown,2095-20, #754F3F,8.22
Adirondack Brown,2095-10, #6F4B3B,7.29
Early Sunset,2096-70, #F0E4DC,79.44
Light Mocha,2096-60, #E2CFC4,64.58
Cappuccino,2096-50, #CAAFA1,45.43
Gaucho Brown,2096-40, #A98573,26.12
Grandfather Clock Brown,2096-30, #825B48,11.15
Chocolate Truffle,2096-20, #78523F,8.84
Seed Brown,2096-10, #714D39,7.69
Wild Rice,2097-70, #EDE2DC,77.49
Misty Blush,2097-60, #DDCBC3,62.14
Hint of Mauve,2097-50, #C3AAA1,42.47
Santa Fe Tan,2097-40, #9F7F73,23.48
Hedgehog Brown,2097-30, #7A5749,11.06
Morning Coffee,2097-20, #704E40,8.22
Toasted Brown,2097-10, #6B4A3C,7.2
Frosted Café,2098-70, #ECE2DC,76.75
Wisp of Mauve,2098-60, #DBCAC3,61.74
Flax,2098-50, #C0A9A1,41.75
Café Ole,2098-40, #9B7D73,22.69
Dark Nut Brown,2098-30, #785548,10.67
Roasted Coffee Beans,2098-20, #6D4C3F,7.86
Barrel Brown,2098-10, #67473A,6.76
Wheatberry,2099-70, #EDE1DA,76.19
Malted Milk,2099-60, #DECAC2,61.03
Café Mocha,2099-50, #C5A99F,42.2
Autumn Brown,2099-40, #A17D71,22.99
Espresso,2099-30, #7C5547,11.1
Cupcake,2099-20, #734D3E,8.22
Brown,2099-10, #6E493A,7.23
Victorian Lace,2100-70, #EEE1DB,76.18
Bermuda Sands,2100-60, #E0CBC3,62.13
Pebble Stone,2100-50, #C6AAA0,43.1
Appalachian Spring,2100-40, #A47F73,24.11
English Brown,2100-30, #7D5648,11.29
Leather Saddle Brown,2100-20, #754E3F,8.16
Mocha Madness,2100-10, #6E4939,7.1
Tropical Sand,2101-70, #EFE2DD,77.74
Pale Cherry Blossom,2101-60, #E0CBC5,62.43
Allspice,2101-50, #C8AAA3,43.62
Almond Beige,2101-40, #A57F75,24.22
Warm Brownie,2101-30, #7E554A,11.3
Cocoa Brown,2101-20, #744D40,8.23
Suede Brown,2101-10, #6F483B,7.11
First Light,2102-70, #EFE2DE,77.46
Honey Hut,2102-60, #E1CBC7,62.48
Rose Bisque,2102-50, #CAABA6,44.58
Brown Teepee,2102-40, #A77F78,24.03
Pueblo Brown,2102-30, #7F554B,11.17
Pumpernickel,2102-20, #754C40,7.96
Earth Brown,2102-10, #6F473B,7.01
Strawberry-n-Cream,2103-70, #ECDDDA,74.81
Pale Berry,2103-60, #DBC3C0,58.05
Sandblast,2103-50, #BF9F9C,38.46
Hickory Stick,2103-40, #9A726D,19.94
Peatmoss,2103-30, #754B41,8.98
English Manor,2103-20, #6D4338,6.42
Natural Brown,2103-10, #684034,5.63
Strawberry Yogurt,2104-70, #ECDCD9,75.04
Rose Silk,2104-60, #DDC3C0,58.09
Cherry Malt,2104-50, #C19E9B,37.97
New England Brown,2104-40, #9E726D,20.18
Harvest Brown,2104-30, #7C4B42,9.33
Beaver Brown,2104-20, #744539,7.14
Pancake Syrup,2104-10, #714235,6.45
Savory Cream,2105-70, #ECE1DA,78.05
Acapulco Sand,2105-60, #DDC9C1,60.9
Sand Pebble,2105-50, #C3A99F,41.61
Dusty Ranch Brown,2105-40, #A07E71,23.28
Rabbit Brown,2105-30, #7A5648,10.57
Root Beer Candy,2105-20, #724E3F,8.14
Forest Brown,2105-10, #6C493A,7.03
Foggy Morning,2106-70, #ECE3DC,77.71
Soft Sand,2106-60, #DCCDC5,62.72
Driftscape Tan,2106-50, #C1ACA2,43.04
Cougar Brown,2106-40, #9C8174,23.67
Pine Cone,2106-30, #755749,10.57
Auberge,2106-20, #6D4E3F,7.98
Java,2106-10, #67493A,6.77
Cloudy Gray,2107-70, #EAE4DE,79.32
Sea Froth,2107-60, #D8CFC7,63.11
Sandlot Gray,2107-50, #BDAFA6,44.35
Driftwood,2107-40, #978477,24.44
Rockies Brown,2107-30, #6F594B,10.75
Mocha Brown,2107-20, #664F40,8.28
Chocolate Candy Brown,2107-10, #614A3B,7.22
Lacey Pearl,2108-70, #E8E5DF,79.23
Abalone,2108-60, #D3CFC7,63.06
Silver Fox,2108-50, #B8B1A7,43.9
Stardust,2108-40, #918578,22.94
Brown Horse,2108-30, #695A4C,9.94
Sierra Spruce,2108-20, #604E40,7.81
Ferret Brown,2108-10, #5D4B3D,6.85
A la Mode,2109-70, #E6E2DE,77.03
Portland Gray,2109-60, #D3CCC7,61.22
Elephant Gray,2109-50, #B5ABA7,41.77
Smoked Oyster,2109-40, #8E7F79,21.73
Wood Grain Brown,2109-30, #68554D,8.99
Hearthstone Brown,2109-20, #604D44,6.9
Classic Brown,2109-10, #58453B,5.55
Vintage Taupe,2110-70, #F2EDE8,84.42
Pampas Grass,2110-60, #E8DDD8,74.31
Gobi Desert,2110-50, #D3C3BD,57.05
Seaside Sand,2110-40, #B59D94,36.08
Saddle Soap,2110-30, #886A59,16.07
Brown Tar,2110-20, #6E5440,8.77
Taupe,2110-10, #5A4430,5.74
Calm,2111-70, #E6E4DF,77.7
Barren Plain,2111-60, #D3D0C9,63.16
Stone Harbor,2111-50, #B4AFA8,43.69
Taos Taupe,2111-40, #8C847A,22.46
Mustang,2111-30, #68574A,8.95
Grizzly Bear Brown,2111-20, #5F4B3C,6.31
Deep Taupe,2111-10, #594334,5.95
American White,2112-70, #E4E3E0,76.35
Cement Gray,2112-60, #CDCCCA,61.21
Stormy Monday,2112-50, #AEABAA,40.87
Stone,2112-40, #86807E,22.57
Stone Brown,2112-30, #5F544E,8.22
Brown Sugar,2112-20, #564942,6.06
Mink,2112-10, #52443C,5.35
Antique Pearl,2113-70, #E4DEDD,73.88
Porcelain,2113-60, #D0C5C5,57.48
Mauve Desert,2113-50, #B1A2A4,37.27
Cinnamon Slate,2113-40, #897475,18.3
Bison Brown,2113-30, #664B47,7.26
Pine Cone Brown,2113-20, #5F433C,5.6
Chocolate Sundae,2113-10, #5B3F36,4.9
Venetian Marble,2114-70, #ECE7E5,81.49
Hint of Violet,2114-60, #DCD4D3,67.56
Victorian Mauve,2114-50, #C2B5B7,48.57
Wet Concrete,2114-40, #9C8989,26.46
Desert Shadows,2114-30, #685553,10.18
Mississippi Mud,2114-20, #52433E,5.41
Bittersweet Chocolate,2114-10, #433731,3.07
Oyster,2115-70, #ECE9E8,82.27
Majestic Mauve,2115-60, #DED8DA,69.69
Iced Mauve,2115-50, #C4BBC0,51.17
Mauve Blush,2115-40, #A19195,29.67
Amazon Soil,2115-30, #6F5B5C,11.68
Incense Stick,2115-20, #584744,6.17
Appalachian Brown,2115-10, #493A33,3.94
Mirage White,2116-70, #EBE9EA,82.29
Touch of Gray,2116-60, #DCD6DD,69.93
African Violet,2116-50, #C1B9C4,51.14
Hazy Lilac,2116-40, #9B8E9C,28.08
Cabernet,2116-30, #6B5A64,10.93
Vintage Wine,2116-20, #544649,6.23
Night Shade,2116-10, #443A36,4.01
Dreamy Cloud,2117-70, #E5E3E7,77.92
Winter Gray,2117-60, #D0CDD6,62.64
Spring Violet,2117-50, #B0ACBB,43.07
Tropical Dusk,2117-40, #857D8F,22.16
Shadow,2117-30, #514A58,7.34
Galaxy,2117-20, #413D44,4.32
Carbon Copy,2117-10, #383537,3.23
Heaven,2118-70, #E1E2E5,76.82
Misty Memories,2118-60, #CACCD3,60.13
Excalibur Gray,2118-50, #A9ABB6,40.94
Sea Life,2118-40, #7B7C88,20.63
Ebony Slate,2118-30, #4A4A53,7.15
Toucan Black,2118-20, #3C3B40,4.05
Universal Black,2118-10, #353435,3.19
Full Moon,2119-70, #DFE2E3,76.52
Silver Lining,2119-60, #C6CBCF,58.91
Nickel,2119-50, #A2A9B1,39.3
Silver Streak,2119-40, #757B83,19.43
Baby Seal Black,2119-30, #464A50,6.76
Black Berry,2119-20, #3A3B3F,4.12
Space Black,2119-10, #333334,2.87
Stone White,2120-70, #DFE3E3,76.8
White Water,2120-60, #C6CBCF,59.42
Silver Spring,2120-50, #A3AAB0,39.28
Smoke Gray,2120-40, #757B82,19.55
Witching Hour,2120-30, #46494F,6.74
Black Iron,2120-20, #3A3C3E,4.02
Jet Black,2120-10, #333334,2.64
Chantilly Lace,2121-70, #F4F6F1,92.2
White Diamond,2121-60, #ECEFEC,84.75
Iced Cube Silver,2121-50, #DCE1E1,75.08
Silver Half Dollar,2121-40, #C3C8CB,57.53
Pewter,2121-30, #979C9F,33.0
Steel Wool,2121-20, #787B7D,19.37
Gray,2121-10, #585858,9.71
Snow White,2122-70, #F1F5F1,89.7
Palest Pistachio,2122-60, #E9EFED,85.64
Iceberg,2122-50, #D6E0E0,72.88
Smoke,2122-40, #BAC8C9,56.49
Cloudy Sky,2122-30, #8F9D9E,32.34
Steep Cliff Gray,2122-20, #6E7C7D,19.23
Dark Pewter,2122-10, #4B5756,8.92
Ice Mist,2123-70, #F1F4F1,90.94
Sea Foam,2123-60, #E7EFEC,84.46
Ocean Air,2123-50, #D3E1E1,73.15
Gossamer Blue,2123-40, #B3C8C8,55.62
Sea Star,2123-30, #889E9E,32.13
Caribbean Teal,2123-20, #627C7A,18.4
Mediterranean Teal,2123-10, #465956,8.66
Distant Gray,2124-70, #F2F4F1,90.2
Misty Gray,2124-60, #E8EBEA,82.33
Bunny Gray,2124-50, #D6DBDC,70.0
Thundercloud Gray,2124-40, #B8BDC0,50.4
Deep Silver,2124-30, #8B9094,27.83
Trout Gray,2124-20, #696D70,14.73
Wrought Iron,2124-10, #494A4B,6.16
Wedding Veil,2125-70, #EEF0EE,85.95
Marilyn's Dress,2125-60, #E0E4E4,76.91
Sweet Innocence,2125-50, #C7CDD1,60.78
Shadow Gray,2125-40, #A2A9AE,39.44
Gray Shower,2125-30, #6D7378,16.76
Deep Space,2125-20, #52565A,8.93
Black Panther,2125-10, #3D3F40,4.42
Chalk White,2126-70, #EAEDEB,84.49
Gray Cloud,2126-60, #D7DCDE,71.27
Gray Timber Wolf,2126-50, #BAC1C6,52.41
Sweatshirt Gray,2126-40, #92999E,30.82
Anchor Gray,2126-30, #5C6167,11.85
Raccoon Fur,2126-20, #464A4D,6.34
Black Tar,2126-10, #38393A,3.63
Cascade White,2127-70, #DDE2E3,75.07
Feather Gray,2127-60, #C4CBD0,59.15
Pike's Peak Gray,2127-50, #A0AAB1,39.56
Wolf Gray,2127-40, #727C83,19.89
Gravel Gray,2127-30, #444A50,6.46
Black Ink,2127-20, #373A3D,3.73
Twilight Zone,2127-10, #343435,3.0
Lily White,2128-70, #E3E9EB,81.74
Beacon Gray,2128-60, #CDD7DE,67.14
November Skies,2128-50, #ACBAC8,49.08
Oxford Gray,2128-40, #8290A0,27.78
Evening Dove,2128-30, #515A67,10.24
Abyss,2128-20, #42444B,5.35
Black Beauty,2128-10, #393736,3.26
Silver Cloud,2129-70, #DBE3E5,75.58
Mt. Rainier Gray,2129-60, #C1CDD3,60.3
Winter Lake,2129-50, #9CADB7,41.12
Normandy,2129-40, #6D7E89,20.45
Blue Note,2129-30, #404B54,7.14
Soot,2129-20, #373C41,4.11
Midnight Dream,2129-10, #323436,2.52
Seattle Gray,2130-70, #DCE1E4,74.26
Iced Slate,2130-60, #C1CAD1,58.51
New Hope Gray,2130-50, #9CA8B3,39.31
Black Pepper,2130-40, #717C86,19.79
Almost Black,2130-30, #4F4E53,7.46
Deep Caviar,2130-20, #494242,5.06
Black Bean Soup,2130-10, #453C39,4.06
Gray Sky,2131-70, #DDE5E5,77.19
Silver Gray,2131-60, #C4CFD2,61.31
Nimbus Gray,2131-50, #A1B0B4,41.95
Smokestack Gray,2131-40, #728287,21.57
Lead Gray,2131-30, #434E52,7.18
Midnight,2131-20, #373D3F,4.13
Black Satin,2131-10, #313435,2.49
Mineral Ice,2132-70, #DDE1E1,74.79
Metallic Silver,2132-60, #C3C9CD,58.03
Pilgrim Haze,2132-50, #9EA7AD,37.8
Eclipse,2132-40, #717980,18.64
Black Horizon,2132-30, #44484D,5.9
Ebony King,2132-20, #383A3C,3.67
Black,2132-10, #313132,2.48
Tundra,2133-70, #E2E4E3,78.59
Sidewalk Gray,2133-60, #CBCED0,62.02
Pigeon Gray,2133-50, #AAAEB3,42.35
Dior Gray,2133-40, #7C7F84,20.7
Day's End,2133-30, #4B4B4F,6.94
Black Jack,2133-20, #3D3D3E,3.98
Onyx,2133-10, #353434,2.9
Genesis White,2134-70, #E1E4E3,77.93
Whitestone,2134-60, #C9CECE,61.65
Gull Wing Gray,2134-50, #A7AEB0,41.99
Whale Gray,2134-40, #7E8283,21.9
Iron Mountain,2134-30, #575553,9.13
Midsummer Night,2134-20, #504A45,5.81
Night Horizon,2134-10, #4B433D,4.64
Patriotic White,2135-70, #E4EDEB,82.78
Summer Shower,2135-60, #CEDDDF,70.67
Soft Chinchilla,2135-50, #ADC3C8,53.19
Province Blue,2135-40, #829BA1,30.64
Nocturnal Gray,2135-30, #55656B,12.08
Stonecutter,2135-20, #434C4F,6.45
Blacktop,2135-10, #393D3C,3.9
Whispering Spring,2136-70, #DCE7E6,79.37
Harbor Haze,2136-60, #C3D4D4,63.48
Colorado Gray,2136-50, #9EB5B8,44.4
Aegean Teal,2136-40, #6F898B,23.96
Amazon Green,2136-30, #415457,8.24
Regent Green,2136-20, #364042,4.19
Black Knight,2136-10, #303536,2.72
White Wisp,2137-70, #E6E8E1,80.06
Gray Owl,2137-60, #D3D4CC,65.77
Sea Haze,2137-50, #B3B5AB,45.83
Desert Twilight,2137-40, #8D8C7F,25.57
Durango,2137-30, #645D4E,10.63
Char Brown,2137-20, #5A4F40,7.43
Otter Brown,2137-10, #544839,5.66
Gray Lake,2138-70, #E4E8E2,80.79
Gray Cashmere,2138-60, #CFD5CD,65.57
Misted Green,2138-50, #B0B8AE,46.83
Carolina Gull,2138-40, #858D81,26.37
Mohegan Sage,2138-30, #5F5E50,10.58
Green Grove,2138-20, #555042,7.82
Southern Vine,2138-10, #4F493B,5.89
White Ice,2139-70, #EAEEE9,85.89
Green Tint,2139-60, #DAE0DA,73.63
Silver Marlin,2139-50, #C0C8C1,57.13
Heather Gray,2139-40, #99A196,34.25
Sharkskin,2139-30, #6D6C5E,14.71
Dakota Woods Green,2139-20, #565344,7.85
River Rock,2139-10, #464233,4.63
Winter White,2140-70, #E7E9E2,81.61
Moonshine,2140-60, #D6D8CF,68.28
Gray Horse,2140-50, #B9BBB1,49.22
Storm Cloud Gray,2140-40, #919284,27.85
Dark Olive,2140-30, #616253,11.91
Tuscany Green,2140-20, #545447,7.72
Fatigue Green,2140-10, #4B4B3F,6.03
Vanilla Milkshake,2141-70, #ECECE3,83.19
Titanium,2141-60, #DADBCF,70.13
Horizon Gray,2141-50, #BFC0B1,51.9
Creekside Green,2141-40, #9A9885,30.68
Army Green,2141-30, #6A6855,13.95
Cabbage Patch,2141-20, #5C5A47,8.9
Artichoke,2141-10, #535140,7.08
Icicle,2142-70, #EDEDE3,84.16
November Rain,2142-60, #E0DED0,72.71
Gray Mirage,2142-50, #C8C5B2,54.9
Dry Sage,2142-40, #A39F84,34.1
Mountain Moss,2142-30, #757055,15.94
Turtle Green,2142-20, #696449,11.24
Mediterranean Olive,2142-10, #5E5A42,9.36
Simply White,2143-70, #F6F6ED,91.7
Moonlight White,2143-60, #EFEEE3,84.82
Old Prairie,2143-50, #E2E0D1,73.77
Camouflage,2143-40, #CBC7B0,56.25
Olive Branch,2143-30, #A59C79,32.39
Alligator Green,2143-20, #8D835E,22.38
Sage,2143-10, #766C4B,13.74
Snowfall White,2144-70, #F6F7EE,91.82
Cloud Nine,2144-60, #EEEFE5,85.22
Silken Pine,2144-50, #E0E3D4,75.38
Soft Fern,2144-40, #C8CAB2,57.57
Rosemary Sprig,2144-30, #A0A27E,34.27
Eucalyptus Leaf,2144-20, #83855E,22.1
Guacamole,2144-10, #646742,11.1
Cotton Balls,2145-70, #F5F6EB,90.67
Minced Onion,2145-60, #F0F0DF,85.85
Limesicle,2145-50, #E3E4CA,75.94
Fernwood Green,2145-40, #CCCCA3,57.98
Brookside Moss,2145-30, #A6A56C,34.59
Terrapin Green,2145-20, #8B8C50,24.01
Avocado,2145-10, #6E743A,14.87
Bavarian Cream,2146-70, #F7F7E7,91.12
Cream Silk,2146-60, #F2F1D7,86.5
Rainforest Dew,2146-50, #E7E5BD,75.85
Pale Avocado,2146-40, #D3CF8F,59.42
Split Pea,2146-30, #B1AD55,38.16
Forest Moss,2146-20, #9A983D,26.29
Dark Celery,2146-10, #83872E,19.82
Alpine White,2147-70, #F4F4E3,90.05
Dark Linen,2147-60, #ECECCF,82.63
Pale Sea Mist,2147-50, #DDDCB1,69.25
Dill Pickle,2147-40, #C4C184,49.99
Jalapeño Pepper,2147-30, #A19D52,31.0
Olive Moss,2147-20, #949146,24.64
Oregano,2147-10, #8C883F,21.41
Mountain Peak White,2148-70, #F7F5EB,90.58
Timid White,2148-60, #F2EEDD,84.43
Sandy White,2148-50, #E7DFC5,73.53
Light Khaki,2148-40, #D3C59D,54.59
Military Tan,2148-30, #B19C68,32.77
Thyme,2148-20, #9D8752,24.3
Foot Hills,2148-10, #8B7744,17.23
White Chocolate,2149-70, #F5F3E3,89.03
White Marigold,2149-60, #EDE8CF,79.16
Mellowed Ivory,2149-50, #DED6AF,65.61
Timothy Straw,2149-40, #C6B984,47.09
Fresh Olive,2149-30, #AB9554,29.24
G.I. Green,2149-20, #958649,21.69
Newt Green,2149-10, #8B7D43,18.13
Easter Lily,2150-70, #F7F4E2,90.2
Pale Celery,2150-60, #F2EBCD,82.34
Hampton Green,2150-50, #E7DCAE,68.98
Spring Dust,2150-40, #D3C281,52.61
Savannah Green,2150-30, #BAA04F,34.67
Lichen Green,2150-20, #A89343,26.49
Willow Green,2150-10, #9F8C3F,23.73
Powder Sand,2151-70, #F5F2E1,89.28
Linen Sand,2151-60, #F0E8CB,79.76
Bronzed Beige,2151-50, #E8D8AD,67.9
Sulfur Yellow,2151-40, #D2BA7F,49.25
Ochre,2151-30, #BB9951,32.95
Golden Chalice,2151-20, #AC8D46,25.8
Mustard Olive,2151-10, #A08542,21.7
Mayonnaise,2152-70, #F9F5E5,90.49
Mannequin Cream,2152-60, #F7ECD2,83.75
Golden Straw,2152-50, #EFDDB5,71.31
Golden Tan,2152-40, #E0C389,54.89
Autumn Gold,2152-30, #C59E55,35.82
Aztec Yellow,2152-20, #B89045,27.74
Medieval Gold,2152-10, #AD863E,24.27
Ivory Tusk,2153-70, #F8F1DD,86.75
Rich Cream,2153-60, #F2E4C5,78.41
Desert Tan,2153-50, #E6CFA1,63.26
Cork,2153-40, #D1B071,44.38
Tapestry Gold,2153-30, #AF8840,25.46
Corduroy,2153-20, #A07A35,20.03
Golden Bark,2153-10, #96722E,17.37
Vanilla Ice Cream,2154-70, #FAF3E0,89.54
Filtered Sunlight,2154-60, #FAEBCC,82.94
Straw,2154-50, #F5DAA9,71.75
York Harbor Yellow,2154-40, #EAC17C,55.21
Buttercup,2154-30, #D5A14B,38.45
Spicy Mustard,2154-20, #CC953D,31.87
Yellow Oxide,2154-10, #C58E38,29.51
Cotton Tail,2155-70, #FBF4DC,88.77
Cream Yellow,2155-60, #FCEBC3,83.05
Suntan Yellow,2155-50, #FBDC9F,72.29
Semolina,2155-40, #F4C36B,56.83
Yellow Marigold,2155-30, #EAA731,42.21
Gold Mine,2155-20, #DC9222,32.98
Desert Sunset,2155-10, #D68A1A,30.2
Fine China,2156-70, #FBF2DC,87.47
Soft Beige,2156-60, #FBE7C5,81.07
Asbury Sand,2156-50, #F8D3A1,67.98
August Morning,2156-40, #ECB36D,49.75
Jack O'Lantern,2156-30, #D78C3B,31.71
Pumpkin Blush,2156-20, #CC7F2D,25.63
Autumn Orange,2156-10, #C57626,22.82
Ivory Tower,2157-70, #FBF2E4,88.16
Tudor Cream,2157-60, #FCE7CF,82.43
Crisp Straw,2157-50, #F9D5B0,69.99
Beeswax,2157-40, #EEB783,52.04
Butterscotch,2157-30, #D89050,33.74
Golden Harvest,2157-20, #CD8341,28.58
Golden Dunes,2157-10, #C57B3A,23.63
Cream Froth,2158-70, #FAF3E3,88.72
Lion Yellow,2158-60, #FAE8CE,82.05
Manila,2158-50, #F4D6AE,70.07
Golden Mist,2158-40, #E8B981,52.15
Delightful Golden,2158-30, #D19750,34.48
Venetian Gold,2158-20, #C68745,27.07
Dried Mustard,2158-10, #BE7F3E,24.55
White Cloud,2159-70, #FAF3E2,88.15
Cream,2159-60, #FBEACD,83.48
Wheatfield,2159-50, #F7DAAD,71.93
Amber Waves,2159-40, #ECBF7F,54.65
Apple Crisp,2159-30, #D69D4D,37.47
Peanut Butter,2159-20, #CC9040,30.74
Dash of Curry,2159-10, #C4893A,28.57
Sugar Cookie,2160-70, #F9F2E0,88.42
Kansas Grain,2160-60, #F8E8CC,82.03
Oklahoma Wheat,2160-50, #F0D5AC,68.15
Roasted Sesame Seed,2160-40, #E0B97F,50.74
Maple Sugar,2160-30, #C9974F,33.69
Turmeric,2160-20, #BA8744,25.59
Caramel Corn,2160-10, #B2803D,24.32
Woodland Snow,2161-70, #F7EFE1,87.4
Hazelnut Cream,2161-60, #F1E1CC,76.74
Yellow Squash,2161-50, #E3C9AA,61.49
Acorn Yellow,2161-40, #CDA87F,40.97
Dark Mustard,2161-30, #AB7E51,23.32
Tawny,2161-20, #9F7247,17.83
Coppertone,2161-10, #966B41,15.84
October Sky,2162-70, #F5ECDC,82.01
Mystic Beige,2162-60, #ECDCC5,74.45
Arizona Tan,2162-50, #DBC3A4,56.52
Peanut Shell,2162-40, #C09D73,34.6
Warm Tan,2162-30, #997245,17.16
Desert Camel,2162-20, #8C663B,13.82
Autumn Bronze,2162-10, #835E34,11.84
Winter Sky,2163-70, #F4EBDF,83.71
Latte,2163-60, #EBDBCA,72.51
Burlap,2163-50, #DAC0AA,55.27
Metallic Gold,2163-40, #BE997C,34.52
Penny,2163-30, #986E4F,17.87
Pony Brown,2163-20, #8D6345,13.45
Log Cabin,2163-10, #855C3F,11.45
Candle White,2164-70, #F2E8DD,80.84
Soft Satin,2164-60, #E6D4C4,66.95
Saint Martin Sand,2164-50, #D1B7A3,49.76
Serengeti Sand,2164-40, #B18E74,29.2
Rich Clay Brown,2164-30, #8A6348,14.27
Marsh Brown,2164-20, #7E583D,10.14
Saddle Brown,2164-10, #765138,8.67
Butter Pecan,2165-70, #F8F1E1,87.63
Durango Dust,2165-60, #F5E5CC,79.95
Natural Sand,2165-50, #EBD2AD,65.68
Dark Beige,2165-40, #D8B281,46.95
Golden Retriever,2165-30, #BA8B52,28.46
Golden Meadow,2165-20, #AE7E46,22.04
Camel,2165-10, #A5763E,20.05
Adobe White,2166-70, #FAEDDB,85.44
Pale Oats,2166-60, #F9DEC3,75.84
Creamy Orange,2166-50, #F1C5A0,60.23
Soft Pumpkin,2166-40, #E1A16D,41.21
Bronze Tone,2166-30, #C7773E,24.48
Caramel Latte,2166-20, #BC6B32,19.28
Gold Rush,2166-10, #B5632C,17.12
Summer Peach,2167-70, #FCF1E4,87.69
Sweet Salmon,2167-60, #FDE4D1,80.07
Perfect Peach,2167-50, #FBCFB3,67.78
Toffee Orange,2167-40, #F1AE84,49.05
Harvest Moon,2167-30, #DB8450,30.79
Pumpkin Pie,2167-20, #D07640,25.06
Burnt Caramel,2167-10, #C76C37,21.31
Sun Kissed Peach,2168-70, #FCEFE4,86.93
Peach Nectar,2168-60, #FDE3D1,79.53
Summer Melon,2168-50, #FBCCB3,66.36
Peachland,2168-40, #F2AB85,48.06
Orange Blossom,2168-30, #DC8052,29.47
Pumpkin Cream,2168-20, #D17042,24.68
Fall Harvest,2168-10, #C86638,19.93
Sun Washed,2169-70, #FDEEE5,86.11
Peach Cloud,2169-60, #FFE0D3,78.94
Malibu Peach,2169-50, #FDC8B6,65.34
Peach Cobbler,2169-40, #F5A386,46.03
Oriole,2169-30, #E17751,27.97
Orange Parrot,2169-20, #D4653E,21.63
Racing Orange,2169-10, #CC5A32,18.54
Soft White,2170-70, #FAEDE3,85.01
Sunlit Coral,2170-60, #F9DDCF,75.77
Teacup Rose,2170-50, #F4C3B2,61.07
Coral Spice,2170-40, #EA9E82,42.9
Autumn Cover,2170-30, #D56E4E,23.81
Tropical Orange,2170-20, #CB5E3D,19.26
Fireball Orange,2170-10, #C35232,17.13
Pink Swirl,2171-70, #FCEAE6,84.01
Rose Reflection,2171-60, #FDDAD5,74.74
Pearly Pink,2171-50, #F8BEB8,59.74
Passion Fruit,2171-40, #EA9589,40.14
Adobe Orange,2171-30, #D36651,23.34
Fire Dance,2171-20, #BD543D,15.8
Navajo Red,2171-10, #AB4830,11.58
Spring Blossom,2172-70, #F4D9D5,73.49
Pink Hibiscus,2172-60, #EABFB9,57.95
Bouquet Rose,2172-50, #D59A94,39.23
Raspberry Parfait,2172-40, #B77067,22.44
Mexicana,2172-30, #9A4B3D,11.68
Mars Red,2172-20, #924737,9.5
Copper Clay,2172-10, #8E4332,8.62
Gentle Butterfly,2173-70, #F7E8E2,83.12
Just Peachy,2173-60, #F0D5CE,70.02
Coral Dust,2173-50, #E2B8B0,53.77
Antique Rose,2173-40, #C88D81,32.7
Salmon Stream,2173-30, #9E5D4B,15.18
Tawny Rose,2173-20, #8D4E3A,9.92
Earthly Russet,2173-10, #804531,7.7
Cream Puff,2174-70, #F9E9E4,83.84
Dream Whip,2174-60, #F4D7D1,73.37
Eraser Pink,2174-50, #E8BBB4,54.35
Dusty Mauve,2174-40, #D29185,34.28
Sedona Clay,2174-30, #AB604E,16.82
Cinnamon,2174-20, #984F3B,11.2
Toasted Chestnut,2174-10, #88442E,8.54
Peach Parfait,2175-70, #F9E7DA,81.17
Light Salmon,2175-60, #F6D4C1,68.79
Peach Blossom,2175-50, #EAB59D,52.18
Adobe Dust,2175-40, #D48D6C,33.24
Rust,2175-30, #B66340,18.5
Pilgrimage Foliage,2175-20, #AD5935,15.06
Aztec Brick,2175-10, #A65330,13.17
